seed,best,fe,steps
42,0.00024573936167454,6000,99
123,0.0001296250236399406,6000,99
2025,0.0006353093624591398,6000,99