seed,best,fe,steps
42,13963.981761658955,6000,99
123,8639.066332945424,6000,99
2025,14015.108790033231,6000,99